"","exposure.type","of.beta","ot.beta","confounding.coeff","treatment.autocorr.coeff","graph.cluster.randomization","graph.type","degree","p","power","size","random.seed"
"1","linear",0,0,0,0,TRUE,"small-world",5,0,NA,1024,1
"2","sigmoid",0,0,0,0,TRUE,"small-world",5,0,NA,1024,2
"3","exponential",0,0,0,0,TRUE,"small-world",5,0,NA,1024,3
"4","rbf-friends",0,0,0,0,TRUE,"small-world",5,0,NA,1024,4
"5","linear",0.5,0,0,0,TRUE,"small-world",5,0,NA,1024,5
"6","sigmoid",5,0,0,0,TRUE,"small-world",5,0,NA,1024,6
"7","exponential",5,0,0,0,TRUE,"small-world",5,0,NA,1024,7
"8","rbf-friends",0.5,0,0,0,TRUE,"small-world",5,0,NA,1024,8
"9","linear",1,0,0,0,TRUE,"small-world",5,0,NA,1024,9
"10","sigmoid",10,0,0,0,TRUE,"small-world",5,0,NA,1024,10
"11","exponential",10,0,0,0,TRUE,"small-world",5,0,NA,1024,11
"12","rbf-friends",1,0,0,0,TRUE,"small-world",5,0,NA,1024,12
"13","linear",1.5,0,0,0,TRUE,"small-world",5,0,NA,1024,13
"14","sigmoid",15,0,0,0,TRUE,"small-world",5,0,NA,1024,14
"15","exponential",15,0,0,0,TRUE,"small-world",5,0,NA,1024,15
"16","rbf-friends",1.5,0,0,0,TRUE,"small-world",5,0,NA,1024,16
"17","linear",0,0.5,0,0,TRUE,"small-world",5,0,NA,1024,17
"18","sigmoid",0,5,0,0,TRUE,"small-world",5,0,NA,1024,18
"19","exponential",0,5,0,0,TRUE,"small-world",5,0,NA,1024,19
"20","rbf-friends",0,0.5,0,0,TRUE,"small-world",5,0,NA,1024,20
"21","linear",0.5,0.5,0,0,TRUE,"small-world",5,0,NA,1024,21
"22","sigmoid",5,5,0,0,TRUE,"small-world",5,0,NA,1024,22
"23","exponential",5,5,0,0,TRUE,"small-world",5,0,NA,1024,23
"24","rbf-friends",0.5,0.5,0,0,TRUE,"small-world",5,0,NA,1024,24
"25","linear",1,0.5,0,0,TRUE,"small-world",5,0,NA,1024,25
"26","sigmoid",10,5,0,0,TRUE,"small-world",5,0,NA,1024,26
"27","exponential",10,5,0,0,TRUE,"small-world",5,0,NA,1024,27
"28","rbf-friends",1,0.5,0,0,TRUE,"small-world",5,0,NA,1024,28
"29","linear",1.5,0.5,0,0,TRUE,"small-world",5,0,NA,1024,29
"30","sigmoid",15,5,0,0,TRUE,"small-world",5,0,NA,1024,30
"31","exponential",15,5,0,0,TRUE,"small-world",5,0,NA,1024,31
"32","rbf-friends",1.5,0.5,0,0,TRUE,"small-world",5,0,NA,1024,32
"33","linear",0,1,0,0,TRUE,"small-world",5,0,NA,1024,33
"34","sigmoid",0,10,0,0,TRUE,"small-world",5,0,NA,1024,34
"35","exponential",0,10,0,0,TRUE,"small-world",5,0,NA,1024,35
"36","rbf-friends",0,1,0,0,TRUE,"small-world",5,0,NA,1024,36
"37","linear",0.5,1,0,0,TRUE,"small-world",5,0,NA,1024,37
"38","sigmoid",5,10,0,0,TRUE,"small-world",5,0,NA,1024,38
"39","exponential",5,10,0,0,TRUE,"small-world",5,0,NA,1024,39
"40","rbf-friends",0.5,1,0,0,TRUE,"small-world",5,0,NA,1024,40
"41","linear",1,1,0,0,TRUE,"small-world",5,0,NA,1024,41
"42","sigmoid",10,10,0,0,TRUE,"small-world",5,0,NA,1024,42
"43","exponential",10,10,0,0,TRUE,"small-world",5,0,NA,1024,43
"44","rbf-friends",1,1,0,0,TRUE,"small-world",5,0,NA,1024,44
"45","linear",1.5,1,0,0,TRUE,"small-world",5,0,NA,1024,45
"46","sigmoid",15,10,0,0,TRUE,"small-world",5,0,NA,1024,46
"47","exponential",15,10,0,0,TRUE,"small-world",5,0,NA,1024,47
"48","rbf-friends",1.5,1,0,0,TRUE,"small-world",5,0,NA,1024,48
"49","linear",0,1.5,0,0,TRUE,"small-world",5,0,NA,1024,49
"50","sigmoid",0,15,0,0,TRUE,"small-world",5,0,NA,1024,50
"51","exponential",0,15,0,0,TRUE,"small-world",5,0,NA,1024,51
"52","rbf-friends",0,1.5,0,0,TRUE,"small-world",5,0,NA,1024,52
"53","linear",0.5,1.5,0,0,TRUE,"small-world",5,0,NA,1024,53
"54","sigmoid",5,15,0,0,TRUE,"small-world",5,0,NA,1024,54
"55","exponential",5,15,0,0,TRUE,"small-world",5,0,NA,1024,55
"56","rbf-friends",0.5,1.5,0,0,TRUE,"small-world",5,0,NA,1024,56
"57","linear",1,1.5,0,0,TRUE,"small-world",5,0,NA,1024,57
"58","sigmoid",10,15,0,0,TRUE,"small-world",5,0,NA,1024,58
"59","exponential",10,15,0,0,TRUE,"small-world",5,0,NA,1024,59
"60","rbf-friends",1,1.5,0,0,TRUE,"small-world",5,0,NA,1024,60
"61","linear",1.5,1.5,0,0,TRUE,"small-world",5,0,NA,1024,61
"62","sigmoid",15,15,0,0,TRUE,"small-world",5,0,NA,1024,62
"63","exponential",15,15,0,0,TRUE,"small-world",5,0,NA,1024,63
"64","rbf-friends",1.5,1.5,0,0,TRUE,"small-world",5,0,NA,1024,64
"65","linear",1,1,0,0,FALSE,"small-world",5,0,NA,1024,65
"66","sigmoid",10,10,0,0,FALSE,"small-world",5,0,NA,1024,66
"67","exponential",10,10,0,0,FALSE,"small-world",5,0,NA,1024,67
"68","rbf-friends",1,1,0,0,FALSE,"small-world",5,0,NA,1024,68
"69","linear",1,1,1,0,FALSE,"small-world",5,0,NA,1024,69
"70","sigmoid",10,10,1,0,FALSE,"small-world",5,0,NA,1024,70
"71","exponential",10,10,1,0,FALSE,"small-world",5,0,NA,1024,71
"72","rbf-friends",1,1,1,0,FALSE,"small-world",5,0,NA,1024,72
"73","linear",1,1,2,0,FALSE,"small-world",5,0,NA,1024,73
"74","sigmoid",10,10,2,0,FALSE,"small-world",5,0,NA,1024,74
"75","exponential",10,10,2,0,FALSE,"small-world",5,0,NA,1024,75
"76","rbf-friends",1,1,2,0,FALSE,"small-world",5,0,NA,1024,76
"77","linear",1,1,3,0,FALSE,"small-world",5,0,NA,1024,77
"78","sigmoid",10,10,3,0,FALSE,"small-world",5,0,NA,1024,78
"79","exponential",10,10,3,0,FALSE,"small-world",5,0,NA,1024,79
"80","rbf-friends",1,1,3,0,FALSE,"small-world",5,0,NA,1024,80
"81","linear",1,1,0,10,FALSE,"small-world",5,0,NA,1024,81
"82","sigmoid",10,10,0,10,FALSE,"small-world",5,0,NA,1024,82
"83","exponential",10,10,0,10,FALSE,"small-world",5,0,NA,1024,83
"84","rbf-friends",1,1,0,10,FALSE,"small-world",5,0,NA,1024,84
"85","linear",1,1,1,10,FALSE,"small-world",5,0,NA,1024,85
"86","sigmoid",10,10,1,10,FALSE,"small-world",5,0,NA,1024,86
"87","exponential",10,10,1,10,FALSE,"small-world",5,0,NA,1024,87
"88","rbf-friends",1,1,1,10,FALSE,"small-world",5,0,NA,1024,88
"89","linear",1,1,2,10,FALSE,"small-world",5,0,NA,1024,89
"90","sigmoid",10,10,2,10,FALSE,"small-world",5,0,NA,1024,90
"91","exponential",10,10,2,10,FALSE,"small-world",5,0,NA,1024,91
"92","rbf-friends",1,1,2,10,FALSE,"small-world",5,0,NA,1024,92
"93","linear",1,1,3,10,FALSE,"small-world",5,0,NA,1024,93
"94","sigmoid",10,10,3,10,FALSE,"small-world",5,0,NA,1024,94
"95","exponential",10,10,3,10,FALSE,"small-world",5,0,NA,1024,95
"96","rbf-friends",1,1,3,10,FALSE,"small-world",5,0,NA,1024,96
"97","linear",0,0,0,0,TRUE,"small-world",5,0.01,NA,1024,97
"98","sigmoid",0,0,0,0,TRUE,"small-world",5,0.01,NA,1024,98
"99","exponential",0,0,0,0,TRUE,"small-world",5,0.01,NA,1024,99
"100","rbf-friends",0,0,0,0,TRUE,"small-world",5,0.01,NA,1024,100
"101","linear",0.5,0,0,0,TRUE,"small-world",5,0.01,NA,1024,101
"102","sigmoid",5,0,0,0,TRUE,"small-world",5,0.01,NA,1024,102
"103","exponential",5,0,0,0,TRUE,"small-world",5,0.01,NA,1024,103
"104","rbf-friends",0.5,0,0,0,TRUE,"small-world",5,0.01,NA,1024,104
"105","linear",1,0,0,0,TRUE,"small-world",5,0.01,NA,1024,105
"106","sigmoid",10,0,0,0,TRUE,"small-world",5,0.01,NA,1024,106
"107","exponential",10,0,0,0,TRUE,"small-world",5,0.01,NA,1024,107
"108","rbf-friends",1,0,0,0,TRUE,"small-world",5,0.01,NA,1024,108
"109","linear",1.5,0,0,0,TRUE,"small-world",5,0.01,NA,1024,109
"110","sigmoid",15,0,0,0,TRUE,"small-world",5,0.01,NA,1024,110
"111","exponential",15,0,0,0,TRUE,"small-world",5,0.01,NA,1024,111
"112","rbf-friends",1.5,0,0,0,TRUE,"small-world",5,0.01,NA,1024,112
"113","linear",0,0.5,0,0,TRUE,"small-world",5,0.01,NA,1024,113
"114","sigmoid",0,5,0,0,TRUE,"small-world",5,0.01,NA,1024,114
"115","exponential",0,5,0,0,TRUE,"small-world",5,0.01,NA,1024,115
"116","rbf-friends",0,0.5,0,0,TRUE,"small-world",5,0.01,NA,1024,116
"117","linear",0.5,0.5,0,0,TRUE,"small-world",5,0.01,NA,1024,117
"118","sigmoid",5,5,0,0,TRUE,"small-world",5,0.01,NA,1024,118
"119","exponential",5,5,0,0,TRUE,"small-world",5,0.01,NA,1024,119
"120","rbf-friends",0.5,0.5,0,0,TRUE,"small-world",5,0.01,NA,1024,120
"121","linear",1,0.5,0,0,TRUE,"small-world",5,0.01,NA,1024,121
"122","sigmoid",10,5,0,0,TRUE,"small-world",5,0.01,NA,1024,122
"123","exponential",10,5,0,0,TRUE,"small-world",5,0.01,NA,1024,123
"124","rbf-friends",1,0.5,0,0,TRUE,"small-world",5,0.01,NA,1024,124
"125","linear",1.5,0.5,0,0,TRUE,"small-world",5,0.01,NA,1024,125
"126","sigmoid",15,5,0,0,TRUE,"small-world",5,0.01,NA,1024,126
"127","exponential",15,5,0,0,TRUE,"small-world",5,0.01,NA,1024,127
"128","rbf-friends",1.5,0.5,0,0,TRUE,"small-world",5,0.01,NA,1024,128
"129","linear",0,1,0,0,TRUE,"small-world",5,0.01,NA,1024,129
"130","sigmoid",0,10,0,0,TRUE,"small-world",5,0.01,NA,1024,130
"131","exponential",0,10,0,0,TRUE,"small-world",5,0.01,NA,1024,131
"132","rbf-friends",0,1,0,0,TRUE,"small-world",5,0.01,NA,1024,132
"133","linear",0.5,1,0,0,TRUE,"small-world",5,0.01,NA,1024,133
"134","sigmoid",5,10,0,0,TRUE,"small-world",5,0.01,NA,1024,134
"135","exponential",5,10,0,0,TRUE,"small-world",5,0.01,NA,1024,135
"136","rbf-friends",0.5,1,0,0,TRUE,"small-world",5,0.01,NA,1024,136
"137","linear",1,1,0,0,TRUE,"small-world",5,0.01,NA,1024,137
"138","sigmoid",10,10,0,0,TRUE,"small-world",5,0.01,NA,1024,138
"139","exponential",10,10,0,0,TRUE,"small-world",5,0.01,NA,1024,139
"140","rbf-friends",1,1,0,0,TRUE,"small-world",5,0.01,NA,1024,140
"141","linear",1.5,1,0,0,TRUE,"small-world",5,0.01,NA,1024,141
"142","sigmoid",15,10,0,0,TRUE,"small-world",5,0.01,NA,1024,142
"143","exponential",15,10,0,0,TRUE,"small-world",5,0.01,NA,1024,143
"144","rbf-friends",1.5,1,0,0,TRUE,"small-world",5,0.01,NA,1024,144
"145","linear",0,1.5,0,0,TRUE,"small-world",5,0.01,NA,1024,145
"146","sigmoid",0,15,0,0,TRUE,"small-world",5,0.01,NA,1024,146
"147","exponential",0,15,0,0,TRUE,"small-world",5,0.01,NA,1024,147
"148","rbf-friends",0,1.5,0,0,TRUE,"small-world",5,0.01,NA,1024,148
"149","linear",0.5,1.5,0,0,TRUE,"small-world",5,0.01,NA,1024,149
"150","sigmoid",5,15,0,0,TRUE,"small-world",5,0.01,NA,1024,150
"151","exponential",5,15,0,0,TRUE,"small-world",5,0.01,NA,1024,151
"152","rbf-friends",0.5,1.5,0,0,TRUE,"small-world",5,0.01,NA,1024,152
"153","linear",1,1.5,0,0,TRUE,"small-world",5,0.01,NA,1024,153
"154","sigmoid",10,15,0,0,TRUE,"small-world",5,0.01,NA,1024,154
"155","exponential",10,15,0,0,TRUE,"small-world",5,0.01,NA,1024,155
"156","rbf-friends",1,1.5,0,0,TRUE,"small-world",5,0.01,NA,1024,156
"157","linear",1.5,1.5,0,0,TRUE,"small-world",5,0.01,NA,1024,157
"158","sigmoid",15,15,0,0,TRUE,"small-world",5,0.01,NA,1024,158
"159","exponential",15,15,0,0,TRUE,"small-world",5,0.01,NA,1024,159
"160","rbf-friends",1.5,1.5,0,0,TRUE,"small-world",5,0.01,NA,1024,160
"161","linear",1,1,0,0,FALSE,"small-world",5,0.01,NA,1024,161
"162","sigmoid",10,10,0,0,FALSE,"small-world",5,0.01,NA,1024,162
"163","exponential",10,10,0,0,FALSE,"small-world",5,0.01,NA,1024,163
"164","rbf-friends",1,1,0,0,FALSE,"small-world",5,0.01,NA,1024,164
"165","linear",1,1,1,0,FALSE,"small-world",5,0.01,NA,1024,165
"166","sigmoid",10,10,1,0,FALSE,"small-world",5,0.01,NA,1024,166
"167","exponential",10,10,1,0,FALSE,"small-world",5,0.01,NA,1024,167
"168","rbf-friends",1,1,1,0,FALSE,"small-world",5,0.01,NA,1024,168
"169","linear",1,1,2,0,FALSE,"small-world",5,0.01,NA,1024,169
"170","sigmoid",10,10,2,0,FALSE,"small-world",5,0.01,NA,1024,170
"171","exponential",10,10,2,0,FALSE,"small-world",5,0.01,NA,1024,171
"172","rbf-friends",1,1,2,0,FALSE,"small-world",5,0.01,NA,1024,172
"173","linear",1,1,3,0,FALSE,"small-world",5,0.01,NA,1024,173
"174","sigmoid",10,10,3,0,FALSE,"small-world",5,0.01,NA,1024,174
"175","exponential",10,10,3,0,FALSE,"small-world",5,0.01,NA,1024,175
"176","rbf-friends",1,1,3,0,FALSE,"small-world",5,0.01,NA,1024,176
"177","linear",1,1,0,10,FALSE,"small-world",5,0.01,NA,1024,177
"178","sigmoid",10,10,0,10,FALSE,"small-world",5,0.01,NA,1024,178
"179","exponential",10,10,0,10,FALSE,"small-world",5,0.01,NA,1024,179
"180","rbf-friends",1,1,0,10,FALSE,"small-world",5,0.01,NA,1024,180
"181","linear",1,1,1,10,FALSE,"small-world",5,0.01,NA,1024,181
"182","sigmoid",10,10,1,10,FALSE,"small-world",5,0.01,NA,1024,182
"183","exponential",10,10,1,10,FALSE,"small-world",5,0.01,NA,1024,183
"184","rbf-friends",1,1,1,10,FALSE,"small-world",5,0.01,NA,1024,184
"185","linear",1,1,2,10,FALSE,"small-world",5,0.01,NA,1024,185
"186","sigmoid",10,10,2,10,FALSE,"small-world",5,0.01,NA,1024,186
"187","exponential",10,10,2,10,FALSE,"small-world",5,0.01,NA,1024,187
"188","rbf-friends",1,1,2,10,FALSE,"small-world",5,0.01,NA,1024,188
"189","linear",1,1,3,10,FALSE,"small-world",5,0.01,NA,1024,189
"190","sigmoid",10,10,3,10,FALSE,"small-world",5,0.01,NA,1024,190
"191","exponential",10,10,3,10,FALSE,"small-world",5,0.01,NA,1024,191
"192","rbf-friends",1,1,3,10,FALSE,"small-world",5,0.01,NA,1024,192
"193","linear",0,0,0,0,TRUE,"small-world",5,0.1,NA,1024,193
"194","sigmoid",0,0,0,0,TRUE,"small-world",5,0.1,NA,1024,194
"195","exponential",0,0,0,0,TRUE,"small-world",5,0.1,NA,1024,195
"196","rbf-friends",0,0,0,0,TRUE,"small-world",5,0.1,NA,1024,196
"197","linear",0.5,0,0,0,TRUE,"small-world",5,0.1,NA,1024,197
"198","sigmoid",5,0,0,0,TRUE,"small-world",5,0.1,NA,1024,198
"199","exponential",5,0,0,0,TRUE,"small-world",5,0.1,NA,1024,199
"200","rbf-friends",0.5,0,0,0,TRUE,"small-world",5,0.1,NA,1024,200
"201","linear",1,0,0,0,TRUE,"small-world",5,0.1,NA,1024,201
"202","sigmoid",10,0,0,0,TRUE,"small-world",5,0.1,NA,1024,202
"203","exponential",10,0,0,0,TRUE,"small-world",5,0.1,NA,1024,203
"204","rbf-friends",1,0,0,0,TRUE,"small-world",5,0.1,NA,1024,204
"205","linear",1.5,0,0,0,TRUE,"small-world",5,0.1,NA,1024,205
"206","sigmoid",15,0,0,0,TRUE,"small-world",5,0.1,NA,1024,206
"207","exponential",15,0,0,0,TRUE,"small-world",5,0.1,NA,1024,207
"208","rbf-friends",1.5,0,0,0,TRUE,"small-world",5,0.1,NA,1024,208
"209","linear",0,0.5,0,0,TRUE,"small-world",5,0.1,NA,1024,209
"210","sigmoid",0,5,0,0,TRUE,"small-world",5,0.1,NA,1024,210
"211","exponential",0,5,0,0,TRUE,"small-world",5,0.1,NA,1024,211
"212","rbf-friends",0,0.5,0,0,TRUE,"small-world",5,0.1,NA,1024,212
"213","linear",0.5,0.5,0,0,TRUE,"small-world",5,0.1,NA,1024,213
"214","sigmoid",5,5,0,0,TRUE,"small-world",5,0.1,NA,1024,214
"215","exponential",5,5,0,0,TRUE,"small-world",5,0.1,NA,1024,215
"216","rbf-friends",0.5,0.5,0,0,TRUE,"small-world",5,0.1,NA,1024,216
"217","linear",1,0.5,0,0,TRUE,"small-world",5,0.1,NA,1024,217
"218","sigmoid",10,5,0,0,TRUE,"small-world",5,0.1,NA,1024,218
"219","exponential",10,5,0,0,TRUE,"small-world",5,0.1,NA,1024,219
"220","rbf-friends",1,0.5,0,0,TRUE,"small-world",5,0.1,NA,1024,220
"221","linear",1.5,0.5,0,0,TRUE,"small-world",5,0.1,NA,1024,221
"222","sigmoid",15,5,0,0,TRUE,"small-world",5,0.1,NA,1024,222
"223","exponential",15,5,0,0,TRUE,"small-world",5,0.1,NA,1024,223
"224","rbf-friends",1.5,0.5,0,0,TRUE,"small-world",5,0.1,NA,1024,224
"225","linear",0,1,0,0,TRUE,"small-world",5,0.1,NA,1024,225
"226","sigmoid",0,10,0,0,TRUE,"small-world",5,0.1,NA,1024,226
"227","exponential",0,10,0,0,TRUE,"small-world",5,0.1,NA,1024,227
"228","rbf-friends",0,1,0,0,TRUE,"small-world",5,0.1,NA,1024,228
"229","linear",0.5,1,0,0,TRUE,"small-world",5,0.1,NA,1024,229
"230","sigmoid",5,10,0,0,TRUE,"small-world",5,0.1,NA,1024,230
"231","exponential",5,10,0,0,TRUE,"small-world",5,0.1,NA,1024,231
"232","rbf-friends",0.5,1,0,0,TRUE,"small-world",5,0.1,NA,1024,232
"233","linear",1,1,0,0,TRUE,"small-world",5,0.1,NA,1024,233
"234","sigmoid",10,10,0,0,TRUE,"small-world",5,0.1,NA,1024,234
"235","exponential",10,10,0,0,TRUE,"small-world",5,0.1,NA,1024,235
"236","rbf-friends",1,1,0,0,TRUE,"small-world",5,0.1,NA,1024,236
"237","linear",1.5,1,0,0,TRUE,"small-world",5,0.1,NA,1024,237
"238","sigmoid",15,10,0,0,TRUE,"small-world",5,0.1,NA,1024,238
"239","exponential",15,10,0,0,TRUE,"small-world",5,0.1,NA,1024,239
"240","rbf-friends",1.5,1,0,0,TRUE,"small-world",5,0.1,NA,1024,240
"241","linear",0,1.5,0,0,TRUE,"small-world",5,0.1,NA,1024,241
"242","sigmoid",0,15,0,0,TRUE,"small-world",5,0.1,NA,1024,242
"243","exponential",0,15,0,0,TRUE,"small-world",5,0.1,NA,1024,243
"244","rbf-friends",0,1.5,0,0,TRUE,"small-world",5,0.1,NA,1024,244
"245","linear",0.5,1.5,0,0,TRUE,"small-world",5,0.1,NA,1024,245
"246","sigmoid",5,15,0,0,TRUE,"small-world",5,0.1,NA,1024,246
"247","exponential",5,15,0,0,TRUE,"small-world",5,0.1,NA,1024,247
"248","rbf-friends",0.5,1.5,0,0,TRUE,"small-world",5,0.1,NA,1024,248
"249","linear",1,1.5,0,0,TRUE,"small-world",5,0.1,NA,1024,249
"250","sigmoid",10,15,0,0,TRUE,"small-world",5,0.1,NA,1024,250
"251","exponential",10,15,0,0,TRUE,"small-world",5,0.1,NA,1024,251
"252","rbf-friends",1,1.5,0,0,TRUE,"small-world",5,0.1,NA,1024,252
"253","linear",1.5,1.5,0,0,TRUE,"small-world",5,0.1,NA,1024,253
"254","sigmoid",15,15,0,0,TRUE,"small-world",5,0.1,NA,1024,254
"255","exponential",15,15,0,0,TRUE,"small-world",5,0.1,NA,1024,255
"256","rbf-friends",1.5,1.5,0,0,TRUE,"small-world",5,0.1,NA,1024,256
"257","linear",1,1,0,0,FALSE,"small-world",5,0.1,NA,1024,257
"258","sigmoid",10,10,0,0,FALSE,"small-world",5,0.1,NA,1024,258
"259","exponential",10,10,0,0,FALSE,"small-world",5,0.1,NA,1024,259
"260","rbf-friends",1,1,0,0,FALSE,"small-world",5,0.1,NA,1024,260
"261","linear",1,1,1,0,FALSE,"small-world",5,0.1,NA,1024,261
"262","sigmoid",10,10,1,0,FALSE,"small-world",5,0.1,NA,1024,262
"263","exponential",10,10,1,0,FALSE,"small-world",5,0.1,NA,1024,263
"264","rbf-friends",1,1,1,0,FALSE,"small-world",5,0.1,NA,1024,264
"265","linear",1,1,2,0,FALSE,"small-world",5,0.1,NA,1024,265
"266","sigmoid",10,10,2,0,FALSE,"small-world",5,0.1,NA,1024,266
"267","exponential",10,10,2,0,FALSE,"small-world",5,0.1,NA,1024,267
"268","rbf-friends",1,1,2,0,FALSE,"small-world",5,0.1,NA,1024,268
"269","linear",1,1,3,0,FALSE,"small-world",5,0.1,NA,1024,269
"270","sigmoid",10,10,3,0,FALSE,"small-world",5,0.1,NA,1024,270
"271","exponential",10,10,3,0,FALSE,"small-world",5,0.1,NA,1024,271
"272","rbf-friends",1,1,3,0,FALSE,"small-world",5,0.1,NA,1024,272
"273","linear",1,1,0,10,FALSE,"small-world",5,0.1,NA,1024,273
"274","sigmoid",10,10,0,10,FALSE,"small-world",5,0.1,NA,1024,274
"275","exponential",10,10,0,10,FALSE,"small-world",5,0.1,NA,1024,275
"276","rbf-friends",1,1,0,10,FALSE,"small-world",5,0.1,NA,1024,276
"277","linear",1,1,1,10,FALSE,"small-world",5,0.1,NA,1024,277
"278","sigmoid",10,10,1,10,FALSE,"small-world",5,0.1,NA,1024,278
"279","exponential",10,10,1,10,FALSE,"small-world",5,0.1,NA,1024,279
"280","rbf-friends",1,1,1,10,FALSE,"small-world",5,0.1,NA,1024,280
"281","linear",1,1,2,10,FALSE,"small-world",5,0.1,NA,1024,281
"282","sigmoid",10,10,2,10,FALSE,"small-world",5,0.1,NA,1024,282
"283","exponential",10,10,2,10,FALSE,"small-world",5,0.1,NA,1024,283
"284","rbf-friends",1,1,2,10,FALSE,"small-world",5,0.1,NA,1024,284
"285","linear",1,1,3,10,FALSE,"small-world",5,0.1,NA,1024,285
"286","sigmoid",10,10,3,10,FALSE,"small-world",5,0.1,NA,1024,286
"287","exponential",10,10,3,10,FALSE,"small-world",5,0.1,NA,1024,287
"288","rbf-friends",1,1,3,10,FALSE,"small-world",5,0.1,NA,1024,288
"289","linear",0,0,0,0,TRUE,"small-world",5,0.5,NA,1024,289
"290","sigmoid",0,0,0,0,TRUE,"small-world",5,0.5,NA,1024,290
"291","exponential",0,0,0,0,TRUE,"small-world",5,0.5,NA,1024,291
"292","rbf-friends",0,0,0,0,TRUE,"small-world",5,0.5,NA,1024,292
"293","linear",0.5,0,0,0,TRUE,"small-world",5,0.5,NA,1024,293
"294","sigmoid",5,0,0,0,TRUE,"small-world",5,0.5,NA,1024,294
"295","exponential",5,0,0,0,TRUE,"small-world",5,0.5,NA,1024,295
"296","rbf-friends",0.5,0,0,0,TRUE,"small-world",5,0.5,NA,1024,296
"297","linear",1,0,0,0,TRUE,"small-world",5,0.5,NA,1024,297
"298","sigmoid",10,0,0,0,TRUE,"small-world",5,0.5,NA,1024,298
"299","exponential",10,0,0,0,TRUE,"small-world",5,0.5,NA,1024,299
"300","rbf-friends",1,0,0,0,TRUE,"small-world",5,0.5,NA,1024,300
"301","linear",1.5,0,0,0,TRUE,"small-world",5,0.5,NA,1024,301
"302","sigmoid",15,0,0,0,TRUE,"small-world",5,0.5,NA,1024,302
"303","exponential",15,0,0,0,TRUE,"small-world",5,0.5,NA,1024,303
"304","rbf-friends",1.5,0,0,0,TRUE,"small-world",5,0.5,NA,1024,304
"305","linear",0,0.5,0,0,TRUE,"small-world",5,0.5,NA,1024,305
"306","sigmoid",0,5,0,0,TRUE,"small-world",5,0.5,NA,1024,306
"307","exponential",0,5,0,0,TRUE,"small-world",5,0.5,NA,1024,307
"308","rbf-friends",0,0.5,0,0,TRUE,"small-world",5,0.5,NA,1024,308
"309","linear",0.5,0.5,0,0,TRUE,"small-world",5,0.5,NA,1024,309
"310","sigmoid",5,5,0,0,TRUE,"small-world",5,0.5,NA,1024,310
"311","exponential",5,5,0,0,TRUE,"small-world",5,0.5,NA,1024,311
"312","rbf-friends",0.5,0.5,0,0,TRUE,"small-world",5,0.5,NA,1024,312
"313","linear",1,0.5,0,0,TRUE,"small-world",5,0.5,NA,1024,313
"314","sigmoid",10,5,0,0,TRUE,"small-world",5,0.5,NA,1024,314
"315","exponential",10,5,0,0,TRUE,"small-world",5,0.5,NA,1024,315
"316","rbf-friends",1,0.5,0,0,TRUE,"small-world",5,0.5,NA,1024,316
"317","linear",1.5,0.5,0,0,TRUE,"small-world",5,0.5,NA,1024,317
"318","sigmoid",15,5,0,0,TRUE,"small-world",5,0.5,NA,1024,318
"319","exponential",15,5,0,0,TRUE,"small-world",5,0.5,NA,1024,319
"320","rbf-friends",1.5,0.5,0,0,TRUE,"small-world",5,0.5,NA,1024,320
"321","linear",0,1,0,0,TRUE,"small-world",5,0.5,NA,1024,321
"322","sigmoid",0,10,0,0,TRUE,"small-world",5,0.5,NA,1024,322
"323","exponential",0,10,0,0,TRUE,"small-world",5,0.5,NA,1024,323
"324","rbf-friends",0,1,0,0,TRUE,"small-world",5,0.5,NA,1024,324
"325","linear",0.5,1,0,0,TRUE,"small-world",5,0.5,NA,1024,325
"326","sigmoid",5,10,0,0,TRUE,"small-world",5,0.5,NA,1024,326
"327","exponential",5,10,0,0,TRUE,"small-world",5,0.5,NA,1024,327
"328","rbf-friends",0.5,1,0,0,TRUE,"small-world",5,0.5,NA,1024,328
"329","linear",1,1,0,0,TRUE,"small-world",5,0.5,NA,1024,329
"330","sigmoid",10,10,0,0,TRUE,"small-world",5,0.5,NA,1024,330
"331","exponential",10,10,0,0,TRUE,"small-world",5,0.5,NA,1024,331
"332","rbf-friends",1,1,0,0,TRUE,"small-world",5,0.5,NA,1024,332
"333","linear",1.5,1,0,0,TRUE,"small-world",5,0.5,NA,1024,333
"334","sigmoid",15,10,0,0,TRUE,"small-world",5,0.5,NA,1024,334
"335","exponential",15,10,0,0,TRUE,"small-world",5,0.5,NA,1024,335
"336","rbf-friends",1.5,1,0,0,TRUE,"small-world",5,0.5,NA,1024,336
"337","linear",0,1.5,0,0,TRUE,"small-world",5,0.5,NA,1024,337
"338","sigmoid",0,15,0,0,TRUE,"small-world",5,0.5,NA,1024,338
"339","exponential",0,15,0,0,TRUE,"small-world",5,0.5,NA,1024,339
"340","rbf-friends",0,1.5,0,0,TRUE,"small-world",5,0.5,NA,1024,340
"341","linear",0.5,1.5,0,0,TRUE,"small-world",5,0.5,NA,1024,341
"342","sigmoid",5,15,0,0,TRUE,"small-world",5,0.5,NA,1024,342
"343","exponential",5,15,0,0,TRUE,"small-world",5,0.5,NA,1024,343
"344","rbf-friends",0.5,1.5,0,0,TRUE,"small-world",5,0.5,NA,1024,344
"345","linear",1,1.5,0,0,TRUE,"small-world",5,0.5,NA,1024,345
"346","sigmoid",10,15,0,0,TRUE,"small-world",5,0.5,NA,1024,346
"347","exponential",10,15,0,0,TRUE,"small-world",5,0.5,NA,1024,347
"348","rbf-friends",1,1.5,0,0,TRUE,"small-world",5,0.5,NA,1024,348
"349","linear",1.5,1.5,0,0,TRUE,"small-world",5,0.5,NA,1024,349
"350","sigmoid",15,15,0,0,TRUE,"small-world",5,0.5,NA,1024,350
"351","exponential",15,15,0,0,TRUE,"small-world",5,0.5,NA,1024,351
"352","rbf-friends",1.5,1.5,0,0,TRUE,"small-world",5,0.5,NA,1024,352
"353","linear",1,1,0,0,FALSE,"small-world",5,0.5,NA,1024,353
"354","sigmoid",10,10,0,0,FALSE,"small-world",5,0.5,NA,1024,354
"355","exponential",10,10,0,0,FALSE,"small-world",5,0.5,NA,1024,355
"356","rbf-friends",1,1,0,0,FALSE,"small-world",5,0.5,NA,1024,356
"357","linear",1,1,1,0,FALSE,"small-world",5,0.5,NA,1024,357
"358","sigmoid",10,10,1,0,FALSE,"small-world",5,0.5,NA,1024,358
"359","exponential",10,10,1,0,FALSE,"small-world",5,0.5,NA,1024,359
"360","rbf-friends",1,1,1,0,FALSE,"small-world",5,0.5,NA,1024,360
"361","linear",1,1,2,0,FALSE,"small-world",5,0.5,NA,1024,361
"362","sigmoid",10,10,2,0,FALSE,"small-world",5,0.5,NA,1024,362
"363","exponential",10,10,2,0,FALSE,"small-world",5,0.5,NA,1024,363
"364","rbf-friends",1,1,2,0,FALSE,"small-world",5,0.5,NA,1024,364
"365","linear",1,1,3,0,FALSE,"small-world",5,0.5,NA,1024,365
"366","sigmoid",10,10,3,0,FALSE,"small-world",5,0.5,NA,1024,366
"367","exponential",10,10,3,0,FALSE,"small-world",5,0.5,NA,1024,367
"368","rbf-friends",1,1,3,0,FALSE,"small-world",5,0.5,NA,1024,368
"369","linear",1,1,0,10,FALSE,"small-world",5,0.5,NA,1024,369
"370","sigmoid",10,10,0,10,FALSE,"small-world",5,0.5,NA,1024,370
"371","exponential",10,10,0,10,FALSE,"small-world",5,0.5,NA,1024,371
"372","rbf-friends",1,1,0,10,FALSE,"small-world",5,0.5,NA,1024,372
"373","linear",1,1,1,10,FALSE,"small-world",5,0.5,NA,1024,373
"374","sigmoid",10,10,1,10,FALSE,"small-world",5,0.5,NA,1024,374
"375","exponential",10,10,1,10,FALSE,"small-world",5,0.5,NA,1024,375
"376","rbf-friends",1,1,1,10,FALSE,"small-world",5,0.5,NA,1024,376
"377","linear",1,1,2,10,FALSE,"small-world",5,0.5,NA,1024,377
"378","sigmoid",10,10,2,10,FALSE,"small-world",5,0.5,NA,1024,378
"379","exponential",10,10,2,10,FALSE,"small-world",5,0.5,NA,1024,379
"380","rbf-friends",1,1,2,10,FALSE,"small-world",5,0.5,NA,1024,380
"381","linear",1,1,3,10,FALSE,"small-world",5,0.5,NA,1024,381
"382","sigmoid",10,10,3,10,FALSE,"small-world",5,0.5,NA,1024,382
"383","exponential",10,10,3,10,FALSE,"small-world",5,0.5,NA,1024,383
"384","rbf-friends",1,1,3,10,FALSE,"small-world",5,0.5,NA,1024,384
"385","linear",0,0,0,0,TRUE,"small-world",5,1,NA,1024,385
"386","sigmoid",0,0,0,0,TRUE,"small-world",5,1,NA,1024,386
"387","exponential",0,0,0,0,TRUE,"small-world",5,1,NA,1024,387
"388","rbf-friends",0,0,0,0,TRUE,"small-world",5,1,NA,1024,388
"389","linear",0.5,0,0,0,TRUE,"small-world",5,1,NA,1024,389
"390","sigmoid",5,0,0,0,TRUE,"small-world",5,1,NA,1024,390
"391","exponential",5,0,0,0,TRUE,"small-world",5,1,NA,1024,391
"392","rbf-friends",0.5,0,0,0,TRUE,"small-world",5,1,NA,1024,392
"393","linear",1,0,0,0,TRUE,"small-world",5,1,NA,1024,393
"394","sigmoid",10,0,0,0,TRUE,"small-world",5,1,NA,1024,394
"395","exponential",10,0,0,0,TRUE,"small-world",5,1,NA,1024,395
"396","rbf-friends",1,0,0,0,TRUE,"small-world",5,1,NA,1024,396
"397","linear",1.5,0,0,0,TRUE,"small-world",5,1,NA,1024,397
"398","sigmoid",15,0,0,0,TRUE,"small-world",5,1,NA,1024,398
"399","exponential",15,0,0,0,TRUE,"small-world",5,1,NA,1024,399
"400","rbf-friends",1.5,0,0,0,TRUE,"small-world",5,1,NA,1024,400
"401","linear",0,0.5,0,0,TRUE,"small-world",5,1,NA,1024,401
"402","sigmoid",0,5,0,0,TRUE,"small-world",5,1,NA,1024,402
"403","exponential",0,5,0,0,TRUE,"small-world",5,1,NA,1024,403
"404","rbf-friends",0,0.5,0,0,TRUE,"small-world",5,1,NA,1024,404
"405","linear",0.5,0.5,0,0,TRUE,"small-world",5,1,NA,1024,405
"406","sigmoid",5,5,0,0,TRUE,"small-world",5,1,NA,1024,406
"407","exponential",5,5,0,0,TRUE,"small-world",5,1,NA,1024,407
"408","rbf-friends",0.5,0.5,0,0,TRUE,"small-world",5,1,NA,1024,408
"409","linear",1,0.5,0,0,TRUE,"small-world",5,1,NA,1024,409
"410","sigmoid",10,5,0,0,TRUE,"small-world",5,1,NA,1024,410
"411","exponential",10,5,0,0,TRUE,"small-world",5,1,NA,1024,411
"412","rbf-friends",1,0.5,0,0,TRUE,"small-world",5,1,NA,1024,412
"413","linear",1.5,0.5,0,0,TRUE,"small-world",5,1,NA,1024,413
"414","sigmoid",15,5,0,0,TRUE,"small-world",5,1,NA,1024,414
"415","exponential",15,5,0,0,TRUE,"small-world",5,1,NA,1024,415
"416","rbf-friends",1.5,0.5,0,0,TRUE,"small-world",5,1,NA,1024,416
"417","linear",0,1,0,0,TRUE,"small-world",5,1,NA,1024,417
"418","sigmoid",0,10,0,0,TRUE,"small-world",5,1,NA,1024,418
"419","exponential",0,10,0,0,TRUE,"small-world",5,1,NA,1024,419
"420","rbf-friends",0,1,0,0,TRUE,"small-world",5,1,NA,1024,420
"421","linear",0.5,1,0,0,TRUE,"small-world",5,1,NA,1024,421
"422","sigmoid",5,10,0,0,TRUE,"small-world",5,1,NA,1024,422
"423","exponential",5,10,0,0,TRUE,"small-world",5,1,NA,1024,423
"424","rbf-friends",0.5,1,0,0,TRUE,"small-world",5,1,NA,1024,424
"425","linear",1,1,0,0,TRUE,"small-world",5,1,NA,1024,425
"426","sigmoid",10,10,0,0,TRUE,"small-world",5,1,NA,1024,426
"427","exponential",10,10,0,0,TRUE,"small-world",5,1,NA,1024,427
"428","rbf-friends",1,1,0,0,TRUE,"small-world",5,1,NA,1024,428
"429","linear",1.5,1,0,0,TRUE,"small-world",5,1,NA,1024,429
"430","sigmoid",15,10,0,0,TRUE,"small-world",5,1,NA,1024,430
"431","exponential",15,10,0,0,TRUE,"small-world",5,1,NA,1024,431
"432","rbf-friends",1.5,1,0,0,TRUE,"small-world",5,1,NA,1024,432
"433","linear",0,1.5,0,0,TRUE,"small-world",5,1,NA,1024,433
"434","sigmoid",0,15,0,0,TRUE,"small-world",5,1,NA,1024,434
"435","exponential",0,15,0,0,TRUE,"small-world",5,1,NA,1024,435
"436","rbf-friends",0,1.5,0,0,TRUE,"small-world",5,1,NA,1024,436
"437","linear",0.5,1.5,0,0,TRUE,"small-world",5,1,NA,1024,437
"438","sigmoid",5,15,0,0,TRUE,"small-world",5,1,NA,1024,438
"439","exponential",5,15,0,0,TRUE,"small-world",5,1,NA,1024,439
"440","rbf-friends",0.5,1.5,0,0,TRUE,"small-world",5,1,NA,1024,440
"441","linear",1,1.5,0,0,TRUE,"small-world",5,1,NA,1024,441
"442","sigmoid",10,15,0,0,TRUE,"small-world",5,1,NA,1024,442
"443","exponential",10,15,0,0,TRUE,"small-world",5,1,NA,1024,443
"444","rbf-friends",1,1.5,0,0,TRUE,"small-world",5,1,NA,1024,444
"445","linear",1.5,1.5,0,0,TRUE,"small-world",5,1,NA,1024,445
"446","sigmoid",15,15,0,0,TRUE,"small-world",5,1,NA,1024,446
"447","exponential",15,15,0,0,TRUE,"small-world",5,1,NA,1024,447
"448","rbf-friends",1.5,1.5,0,0,TRUE,"small-world",5,1,NA,1024,448
"449","linear",1,1,0,0,FALSE,"small-world",5,1,NA,1024,449
"450","sigmoid",10,10,0,0,FALSE,"small-world",5,1,NA,1024,450
"451","exponential",10,10,0,0,FALSE,"small-world",5,1,NA,1024,451
"452","rbf-friends",1,1,0,0,FALSE,"small-world",5,1,NA,1024,452
"453","linear",1,1,1,0,FALSE,"small-world",5,1,NA,1024,453
"454","sigmoid",10,10,1,0,FALSE,"small-world",5,1,NA,1024,454
"455","exponential",10,10,1,0,FALSE,"small-world",5,1,NA,1024,455
"456","rbf-friends",1,1,1,0,FALSE,"small-world",5,1,NA,1024,456
"457","linear",1,1,2,0,FALSE,"small-world",5,1,NA,1024,457
"458","sigmoid",10,10,2,0,FALSE,"small-world",5,1,NA,1024,458
"459","exponential",10,10,2,0,FALSE,"small-world",5,1,NA,1024,459
"460","rbf-friends",1,1,2,0,FALSE,"small-world",5,1,NA,1024,460
"461","linear",1,1,3,0,FALSE,"small-world",5,1,NA,1024,461
"462","sigmoid",10,10,3,0,FALSE,"small-world",5,1,NA,1024,462
"463","exponential",10,10,3,0,FALSE,"small-world",5,1,NA,1024,463
"464","rbf-friends",1,1,3,0,FALSE,"small-world",5,1,NA,1024,464
"465","linear",1,1,0,10,FALSE,"small-world",5,1,NA,1024,465
"466","sigmoid",10,10,0,10,FALSE,"small-world",5,1,NA,1024,466
"467","exponential",10,10,0,10,FALSE,"small-world",5,1,NA,1024,467
"468","rbf-friends",1,1,0,10,FALSE,"small-world",5,1,NA,1024,468
"469","linear",1,1,1,10,FALSE,"small-world",5,1,NA,1024,469
"470","sigmoid",10,10,1,10,FALSE,"small-world",5,1,NA,1024,470
"471","exponential",10,10,1,10,FALSE,"small-world",5,1,NA,1024,471
"472","rbf-friends",1,1,1,10,FALSE,"small-world",5,1,NA,1024,472
"473","linear",1,1,2,10,FALSE,"small-world",5,1,NA,1024,473
"474","sigmoid",10,10,2,10,FALSE,"small-world",5,1,NA,1024,474
"475","exponential",10,10,2,10,FALSE,"small-world",5,1,NA,1024,475
"476","rbf-friends",1,1,2,10,FALSE,"small-world",5,1,NA,1024,476
"477","linear",1,1,3,10,FALSE,"small-world",5,1,NA,1024,477
"478","sigmoid",10,10,3,10,FALSE,"small-world",5,1,NA,1024,478
"479","exponential",10,10,3,10,FALSE,"small-world",5,1,NA,1024,479
"480","rbf-friends",1,1,3,10,FALSE,"small-world",5,1,NA,1024,480
"481","linear",0,0,0,0,TRUE,"barabasi-albert",NA,NA,0.1,1024,481
"482","sigmoid",0,0,0,0,TRUE,"barabasi-albert",NA,NA,0.1,1024,482
"483","exponential",0,0,0,0,TRUE,"barabasi-albert",NA,NA,0.1,1024,483
"484","rbf-friends",0,0,0,0,TRUE,"barabasi-albert",NA,NA,0.1,1024,484
"485","linear",0.5,0,0,0,TRUE,"barabasi-albert",NA,NA,0.1,1024,485
"486","sigmoid",5,0,0,0,TRUE,"barabasi-albert",NA,NA,0.1,1024,486
"487","exponential",5,0,0,0,TRUE,"barabasi-albert",NA,NA,0.1,1024,487
"488","rbf-friends",0.5,0,0,0,TRUE,"barabasi-albert",NA,NA,0.1,1024,488
"489","linear",1,0,0,0,TRUE,"barabasi-albert",NA,NA,0.1,1024,489
"490","sigmoid",10,0,0,0,TRUE,"barabasi-albert",NA,NA,0.1,1024,490
"491","exponential",10,0,0,0,TRUE,"barabasi-albert",NA,NA,0.1,1024,491
"492","rbf-friends",1,0,0,0,TRUE,"barabasi-albert",NA,NA,0.1,1024,492
"493","linear",1.5,0,0,0,TRUE,"barabasi-albert",NA,NA,0.1,1024,493
"494","sigmoid",15,0,0,0,TRUE,"barabasi-albert",NA,NA,0.1,1024,494
"495","exponential",15,0,0,0,TRUE,"barabasi-albert",NA,NA,0.1,1024,495
"496","rbf-friends",1.5,0,0,0,TRUE,"barabasi-albert",NA,NA,0.1,1024,496
"497","linear",0,0.5,0,0,TRUE,"barabasi-albert",NA,NA,0.1,1024,497
"498","sigmoid",0,5,0,0,TRUE,"barabasi-albert",NA,NA,0.1,1024,498
"499","exponential",0,5,0,0,TRUE,"barabasi-albert",NA,NA,0.1,1024,499
"500","rbf-friends",0,0.5,0,0,TRUE,"barabasi-albert",NA,NA,0.1,1024,500
"501","linear",0.5,0.5,0,0,TRUE,"barabasi-albert",NA,NA,0.1,1024,501
"502","sigmoid",5,5,0,0,TRUE,"barabasi-albert",NA,NA,0.1,1024,502
"503","exponential",5,5,0,0,TRUE,"barabasi-albert",NA,NA,0.1,1024,503
"504","rbf-friends",0.5,0.5,0,0,TRUE,"barabasi-albert",NA,NA,0.1,1024,504
"505","linear",1,0.5,0,0,TRUE,"barabasi-albert",NA,NA,0.1,1024,505
"506","sigmoid",10,5,0,0,TRUE,"barabasi-albert",NA,NA,0.1,1024,506
"507","exponential",10,5,0,0,TRUE,"barabasi-albert",NA,NA,0.1,1024,507
"508","rbf-friends",1,0.5,0,0,TRUE,"barabasi-albert",NA,NA,0.1,1024,508
"509","linear",1.5,0.5,0,0,TRUE,"barabasi-albert",NA,NA,0.1,1024,509
"510","sigmoid",15,5,0,0,TRUE,"barabasi-albert",NA,NA,0.1,1024,510
"511","exponential",15,5,0,0,TRUE,"barabasi-albert",NA,NA,0.1,1024,511
"512","rbf-friends",1.5,0.5,0,0,TRUE,"barabasi-albert",NA,NA,0.1,1024,512
"513","linear",0,1,0,0,TRUE,"barabasi-albert",NA,NA,0.1,1024,513
"514","sigmoid",0,10,0,0,TRUE,"barabasi-albert",NA,NA,0.1,1024,514
"515","exponential",0,10,0,0,TRUE,"barabasi-albert",NA,NA,0.1,1024,515
"516","rbf-friends",0,1,0,0,TRUE,"barabasi-albert",NA,NA,0.1,1024,516
"517","linear",0.5,1,0,0,TRUE,"barabasi-albert",NA,NA,0.1,1024,517
"518","sigmoid",5,10,0,0,TRUE,"barabasi-albert",NA,NA,0.1,1024,518
"519","exponential",5,10,0,0,TRUE,"barabasi-albert",NA,NA,0.1,1024,519
"520","rbf-friends",0.5,1,0,0,TRUE,"barabasi-albert",NA,NA,0.1,1024,520
"521","linear",1,1,0,0,TRUE,"barabasi-albert",NA,NA,0.1,1024,521
"522","sigmoid",10,10,0,0,TRUE,"barabasi-albert",NA,NA,0.1,1024,522
"523","exponential",10,10,0,0,TRUE,"barabasi-albert",NA,NA,0.1,1024,523
"524","rbf-friends",1,1,0,0,TRUE,"barabasi-albert",NA,NA,0.1,1024,524
"525","linear",1.5,1,0,0,TRUE,"barabasi-albert",NA,NA,0.1,1024,525
"526","sigmoid",15,10,0,0,TRUE,"barabasi-albert",NA,NA,0.1,1024,526
"527","exponential",15,10,0,0,TRUE,"barabasi-albert",NA,NA,0.1,1024,527
"528","rbf-friends",1.5,1,0,0,TRUE,"barabasi-albert",NA,NA,0.1,1024,528
"529","linear",0,1.5,0,0,TRUE,"barabasi-albert",NA,NA,0.1,1024,529
"530","sigmoid",0,15,0,0,TRUE,"barabasi-albert",NA,NA,0.1,1024,530
"531","exponential",0,15,0,0,TRUE,"barabasi-albert",NA,NA,0.1,1024,531
"532","rbf-friends",0,1.5,0,0,TRUE,"barabasi-albert",NA,NA,0.1,1024,532
"533","linear",0.5,1.5,0,0,TRUE,"barabasi-albert",NA,NA,0.1,1024,533
"534","sigmoid",5,15,0,0,TRUE,"barabasi-albert",NA,NA,0.1,1024,534
"535","exponential",5,15,0,0,TRUE,"barabasi-albert",NA,NA,0.1,1024,535
"536","rbf-friends",0.5,1.5,0,0,TRUE,"barabasi-albert",NA,NA,0.1,1024,536
"537","linear",1,1.5,0,0,TRUE,"barabasi-albert",NA,NA,0.1,1024,537
"538","sigmoid",10,15,0,0,TRUE,"barabasi-albert",NA,NA,0.1,1024,538
"539","exponential",10,15,0,0,TRUE,"barabasi-albert",NA,NA,0.1,1024,539
"540","rbf-friends",1,1.5,0,0,TRUE,"barabasi-albert",NA,NA,0.1,1024,540
"541","linear",1.5,1.5,0,0,TRUE,"barabasi-albert",NA,NA,0.1,1024,541
"542","sigmoid",15,15,0,0,TRUE,"barabasi-albert",NA,NA,0.1,1024,542
"543","exponential",15,15,0,0,TRUE,"barabasi-albert",NA,NA,0.1,1024,543
"544","rbf-friends",1.5,1.5,0,0,TRUE,"barabasi-albert",NA,NA,0.1,1024,544
"545","linear",1,1,0,0,FALSE,"barabasi-albert",NA,NA,0.1,1024,545
"546","sigmoid",10,10,0,0,FALSE,"barabasi-albert",NA,NA,0.1,1024,546
"547","exponential",10,10,0,0,FALSE,"barabasi-albert",NA,NA,0.1,1024,547
"548","rbf-friends",1,1,0,0,FALSE,"barabasi-albert",NA,NA,0.1,1024,548
"549","linear",1,1,1,0,FALSE,"barabasi-albert",NA,NA,0.1,1024,549
"550","sigmoid",10,10,1,0,FALSE,"barabasi-albert",NA,NA,0.1,1024,550
"551","exponential",10,10,1,0,FALSE,"barabasi-albert",NA,NA,0.1,1024,551
"552","rbf-friends",1,1,1,0,FALSE,"barabasi-albert",NA,NA,0.1,1024,552
"553","linear",1,1,2,0,FALSE,"barabasi-albert",NA,NA,0.1,1024,553
"554","sigmoid",10,10,2,0,FALSE,"barabasi-albert",NA,NA,0.1,1024,554
"555","exponential",10,10,2,0,FALSE,"barabasi-albert",NA,NA,0.1,1024,555
"556","rbf-friends",1,1,2,0,FALSE,"barabasi-albert",NA,NA,0.1,1024,556
"557","linear",1,1,3,0,FALSE,"barabasi-albert",NA,NA,0.1,1024,557
"558","sigmoid",10,10,3,0,FALSE,"barabasi-albert",NA,NA,0.1,1024,558
"559","exponential",10,10,3,0,FALSE,"barabasi-albert",NA,NA,0.1,1024,559
"560","rbf-friends",1,1,3,0,FALSE,"barabasi-albert",NA,NA,0.1,1024,560
"561","linear",1,1,0,10,FALSE,"barabasi-albert",NA,NA,0.1,1024,561
"562","sigmoid",10,10,0,10,FALSE,"barabasi-albert",NA,NA,0.1,1024,562
"563","exponential",10,10,0,10,FALSE,"barabasi-albert",NA,NA,0.1,1024,563
"564","rbf-friends",1,1,0,10,FALSE,"barabasi-albert",NA,NA,0.1,1024,564
"565","linear",1,1,1,10,FALSE,"barabasi-albert",NA,NA,0.1,1024,565
"566","sigmoid",10,10,1,10,FALSE,"barabasi-albert",NA,NA,0.1,1024,566
"567","exponential",10,10,1,10,FALSE,"barabasi-albert",NA,NA,0.1,1024,567
"568","rbf-friends",1,1,1,10,FALSE,"barabasi-albert",NA,NA,0.1,1024,568
"569","linear",1,1,2,10,FALSE,"barabasi-albert",NA,NA,0.1,1024,569
"570","sigmoid",10,10,2,10,FALSE,"barabasi-albert",NA,NA,0.1,1024,570
"571","exponential",10,10,2,10,FALSE,"barabasi-albert",NA,NA,0.1,1024,571
"572","rbf-friends",1,1,2,10,FALSE,"barabasi-albert",NA,NA,0.1,1024,572
"573","linear",1,1,3,10,FALSE,"barabasi-albert",NA,NA,0.1,1024,573
"574","sigmoid",10,10,3,10,FALSE,"barabasi-albert",NA,NA,0.1,1024,574
"575","exponential",10,10,3,10,FALSE,"barabasi-albert",NA,NA,0.1,1024,575
"576","rbf-friends",1,1,3,10,FALSE,"barabasi-albert",NA,NA,0.1,1024,576
"577","linear",0,0,0,0,TRUE,"barabasi-albert",NA,NA,0.5,1024,577
"578","sigmoid",0,0,0,0,TRUE,"barabasi-albert",NA,NA,0.5,1024,578
"579","exponential",0,0,0,0,TRUE,"barabasi-albert",NA,NA,0.5,1024,579
"580","rbf-friends",0,0,0,0,TRUE,"barabasi-albert",NA,NA,0.5,1024,580
"581","linear",0.5,0,0,0,TRUE,"barabasi-albert",NA,NA,0.5,1024,581
"582","sigmoid",5,0,0,0,TRUE,"barabasi-albert",NA,NA,0.5,1024,582
"583","exponential",5,0,0,0,TRUE,"barabasi-albert",NA,NA,0.5,1024,583
"584","rbf-friends",0.5,0,0,0,TRUE,"barabasi-albert",NA,NA,0.5,1024,584
"585","linear",1,0,0,0,TRUE,"barabasi-albert",NA,NA,0.5,1024,585
"586","sigmoid",10,0,0,0,TRUE,"barabasi-albert",NA,NA,0.5,1024,586
"587","exponential",10,0,0,0,TRUE,"barabasi-albert",NA,NA,0.5,1024,587
"588","rbf-friends",1,0,0,0,TRUE,"barabasi-albert",NA,NA,0.5,1024,588
"589","linear",1.5,0,0,0,TRUE,"barabasi-albert",NA,NA,0.5,1024,589
"590","sigmoid",15,0,0,0,TRUE,"barabasi-albert",NA,NA,0.5,1024,590
"591","exponential",15,0,0,0,TRUE,"barabasi-albert",NA,NA,0.5,1024,591
"592","rbf-friends",1.5,0,0,0,TRUE,"barabasi-albert",NA,NA,0.5,1024,592
"593","linear",0,0.5,0,0,TRUE,"barabasi-albert",NA,NA,0.5,1024,593
"594","sigmoid",0,5,0,0,TRUE,"barabasi-albert",NA,NA,0.5,1024,594
"595","exponential",0,5,0,0,TRUE,"barabasi-albert",NA,NA,0.5,1024,595
"596","rbf-friends",0,0.5,0,0,TRUE,"barabasi-albert",NA,NA,0.5,1024,596
"597","linear",0.5,0.5,0,0,TRUE,"barabasi-albert",NA,NA,0.5,1024,597
"598","sigmoid",5,5,0,0,TRUE,"barabasi-albert",NA,NA,0.5,1024,598
"599","exponential",5,5,0,0,TRUE,"barabasi-albert",NA,NA,0.5,1024,599
"600","rbf-friends",0.5,0.5,0,0,TRUE,"barabasi-albert",NA,NA,0.5,1024,600
"601","linear",1,0.5,0,0,TRUE,"barabasi-albert",NA,NA,0.5,1024,601
"602","sigmoid",10,5,0,0,TRUE,"barabasi-albert",NA,NA,0.5,1024,602
"603","exponential",10,5,0,0,TRUE,"barabasi-albert",NA,NA,0.5,1024,603
"604","rbf-friends",1,0.5,0,0,TRUE,"barabasi-albert",NA,NA,0.5,1024,604
"605","linear",1.5,0.5,0,0,TRUE,"barabasi-albert",NA,NA,0.5,1024,605
"606","sigmoid",15,5,0,0,TRUE,"barabasi-albert",NA,NA,0.5,1024,606
"607","exponential",15,5,0,0,TRUE,"barabasi-albert",NA,NA,0.5,1024,607
"608","rbf-friends",1.5,0.5,0,0,TRUE,"barabasi-albert",NA,NA,0.5,1024,608
"609","linear",0,1,0,0,TRUE,"barabasi-albert",NA,NA,0.5,1024,609
"610","sigmoid",0,10,0,0,TRUE,"barabasi-albert",NA,NA,0.5,1024,610
"611","exponential",0,10,0,0,TRUE,"barabasi-albert",NA,NA,0.5,1024,611
"612","rbf-friends",0,1,0,0,TRUE,"barabasi-albert",NA,NA,0.5,1024,612
"613","linear",0.5,1,0,0,TRUE,"barabasi-albert",NA,NA,0.5,1024,613
"614","sigmoid",5,10,0,0,TRUE,"barabasi-albert",NA,NA,0.5,1024,614
"615","exponential",5,10,0,0,TRUE,"barabasi-albert",NA,NA,0.5,1024,615
"616","rbf-friends",0.5,1,0,0,TRUE,"barabasi-albert",NA,NA,0.5,1024,616
"617","linear",1,1,0,0,TRUE,"barabasi-albert",NA,NA,0.5,1024,617
"618","sigmoid",10,10,0,0,TRUE,"barabasi-albert",NA,NA,0.5,1024,618
"619","exponential",10,10,0,0,TRUE,"barabasi-albert",NA,NA,0.5,1024,619
"620","rbf-friends",1,1,0,0,TRUE,"barabasi-albert",NA,NA,0.5,1024,620
"621","linear",1.5,1,0,0,TRUE,"barabasi-albert",NA,NA,0.5,1024,621
"622","sigmoid",15,10,0,0,TRUE,"barabasi-albert",NA,NA,0.5,1024,622
"623","exponential",15,10,0,0,TRUE,"barabasi-albert",NA,NA,0.5,1024,623
"624","rbf-friends",1.5,1,0,0,TRUE,"barabasi-albert",NA,NA,0.5,1024,624
"625","linear",0,1.5,0,0,TRUE,"barabasi-albert",NA,NA,0.5,1024,625
"626","sigmoid",0,15,0,0,TRUE,"barabasi-albert",NA,NA,0.5,1024,626
"627","exponential",0,15,0,0,TRUE,"barabasi-albert",NA,NA,0.5,1024,627
"628","rbf-friends",0,1.5,0,0,TRUE,"barabasi-albert",NA,NA,0.5,1024,628
"629","linear",0.5,1.5,0,0,TRUE,"barabasi-albert",NA,NA,0.5,1024,629
"630","sigmoid",5,15,0,0,TRUE,"barabasi-albert",NA,NA,0.5,1024,630
"631","exponential",5,15,0,0,TRUE,"barabasi-albert",NA,NA,0.5,1024,631
"632","rbf-friends",0.5,1.5,0,0,TRUE,"barabasi-albert",NA,NA,0.5,1024,632
"633","linear",1,1.5,0,0,TRUE,"barabasi-albert",NA,NA,0.5,1024,633
"634","sigmoid",10,15,0,0,TRUE,"barabasi-albert",NA,NA,0.5,1024,634
"635","exponential",10,15,0,0,TRUE,"barabasi-albert",NA,NA,0.5,1024,635
"636","rbf-friends",1,1.5,0,0,TRUE,"barabasi-albert",NA,NA,0.5,1024,636
"637","linear",1.5,1.5,0,0,TRUE,"barabasi-albert",NA,NA,0.5,1024,637
"638","sigmoid",15,15,0,0,TRUE,"barabasi-albert",NA,NA,0.5,1024,638
"639","exponential",15,15,0,0,TRUE,"barabasi-albert",NA,NA,0.5,1024,639
"640","rbf-friends",1.5,1.5,0,0,TRUE,"barabasi-albert",NA,NA,0.5,1024,640
"641","linear",1,1,0,0,FALSE,"barabasi-albert",NA,NA,0.5,1024,641
"642","sigmoid",10,10,0,0,FALSE,"barabasi-albert",NA,NA,0.5,1024,642
"643","exponential",10,10,0,0,FALSE,"barabasi-albert",NA,NA,0.5,1024,643
"644","rbf-friends",1,1,0,0,FALSE,"barabasi-albert",NA,NA,0.5,1024,644
"645","linear",1,1,1,0,FALSE,"barabasi-albert",NA,NA,0.5,1024,645
"646","sigmoid",10,10,1,0,FALSE,"barabasi-albert",NA,NA,0.5,1024,646
"647","exponential",10,10,1,0,FALSE,"barabasi-albert",NA,NA,0.5,1024,647
"648","rbf-friends",1,1,1,0,FALSE,"barabasi-albert",NA,NA,0.5,1024,648
"649","linear",1,1,2,0,FALSE,"barabasi-albert",NA,NA,0.5,1024,649
"650","sigmoid",10,10,2,0,FALSE,"barabasi-albert",NA,NA,0.5,1024,650
"651","exponential",10,10,2,0,FALSE,"barabasi-albert",NA,NA,0.5,1024,651
"652","rbf-friends",1,1,2,0,FALSE,"barabasi-albert",NA,NA,0.5,1024,652
"653","linear",1,1,3,0,FALSE,"barabasi-albert",NA,NA,0.5,1024,653
"654","sigmoid",10,10,3,0,FALSE,"barabasi-albert",NA,NA,0.5,1024,654
"655","exponential",10,10,3,0,FALSE,"barabasi-albert",NA,NA,0.5,1024,655
"656","rbf-friends",1,1,3,0,FALSE,"barabasi-albert",NA,NA,0.5,1024,656
"657","linear",1,1,0,10,FALSE,"barabasi-albert",NA,NA,0.5,1024,657
"658","sigmoid",10,10,0,10,FALSE,"barabasi-albert",NA,NA,0.5,1024,658
"659","exponential",10,10,0,10,FALSE,"barabasi-albert",NA,NA,0.5,1024,659
"660","rbf-friends",1,1,0,10,FALSE,"barabasi-albert",NA,NA,0.5,1024,660
"661","linear",1,1,1,10,FALSE,"barabasi-albert",NA,NA,0.5,1024,661
"662","sigmoid",10,10,1,10,FALSE,"barabasi-albert",NA,NA,0.5,1024,662
"663","exponential",10,10,1,10,FALSE,"barabasi-albert",NA,NA,0.5,1024,663
"664","rbf-friends",1,1,1,10,FALSE,"barabasi-albert",NA,NA,0.5,1024,664
"665","linear",1,1,2,10,FALSE,"barabasi-albert",NA,NA,0.5,1024,665
"666","sigmoid",10,10,2,10,FALSE,"barabasi-albert",NA,NA,0.5,1024,666
"667","exponential",10,10,2,10,FALSE,"barabasi-albert",NA,NA,0.5,1024,667
"668","rbf-friends",1,1,2,10,FALSE,"barabasi-albert",NA,NA,0.5,1024,668
"669","linear",1,1,3,10,FALSE,"barabasi-albert",NA,NA,0.5,1024,669
"670","sigmoid",10,10,3,10,FALSE,"barabasi-albert",NA,NA,0.5,1024,670
"671","exponential",10,10,3,10,FALSE,"barabasi-albert",NA,NA,0.5,1024,671
"672","rbf-friends",1,1,3,10,FALSE,"barabasi-albert",NA,NA,0.5,1024,672
"673","linear",0,0,0,0,TRUE,"barabasi-albert",NA,NA,1,1024,673
"674","sigmoid",0,0,0,0,TRUE,"barabasi-albert",NA,NA,1,1024,674
"675","exponential",0,0,0,0,TRUE,"barabasi-albert",NA,NA,1,1024,675
"676","rbf-friends",0,0,0,0,TRUE,"barabasi-albert",NA,NA,1,1024,676
"677","linear",0.5,0,0,0,TRUE,"barabasi-albert",NA,NA,1,1024,677
"678","sigmoid",5,0,0,0,TRUE,"barabasi-albert",NA,NA,1,1024,678
"679","exponential",5,0,0,0,TRUE,"barabasi-albert",NA,NA,1,1024,679
"680","rbf-friends",0.5,0,0,0,TRUE,"barabasi-albert",NA,NA,1,1024,680
"681","linear",1,0,0,0,TRUE,"barabasi-albert",NA,NA,1,1024,681
"682","sigmoid",10,0,0,0,TRUE,"barabasi-albert",NA,NA,1,1024,682
"683","exponential",10,0,0,0,TRUE,"barabasi-albert",NA,NA,1,1024,683
"684","rbf-friends",1,0,0,0,TRUE,"barabasi-albert",NA,NA,1,1024,684
"685","linear",1.5,0,0,0,TRUE,"barabasi-albert",NA,NA,1,1024,685
"686","sigmoid",15,0,0,0,TRUE,"barabasi-albert",NA,NA,1,1024,686
"687","exponential",15,0,0,0,TRUE,"barabasi-albert",NA,NA,1,1024,687
"688","rbf-friends",1.5,0,0,0,TRUE,"barabasi-albert",NA,NA,1,1024,688
"689","linear",0,0.5,0,0,TRUE,"barabasi-albert",NA,NA,1,1024,689
"690","sigmoid",0,5,0,0,TRUE,"barabasi-albert",NA,NA,1,1024,690
"691","exponential",0,5,0,0,TRUE,"barabasi-albert",NA,NA,1,1024,691
"692","rbf-friends",0,0.5,0,0,TRUE,"barabasi-albert",NA,NA,1,1024,692
"693","linear",0.5,0.5,0,0,TRUE,"barabasi-albert",NA,NA,1,1024,693
"694","sigmoid",5,5,0,0,TRUE,"barabasi-albert",NA,NA,1,1024,694
"695","exponential",5,5,0,0,TRUE,"barabasi-albert",NA,NA,1,1024,695
"696","rbf-friends",0.5,0.5,0,0,TRUE,"barabasi-albert",NA,NA,1,1024,696
"697","linear",1,0.5,0,0,TRUE,"barabasi-albert",NA,NA,1,1024,697
"698","sigmoid",10,5,0,0,TRUE,"barabasi-albert",NA,NA,1,1024,698
"699","exponential",10,5,0,0,TRUE,"barabasi-albert",NA,NA,1,1024,699
"700","rbf-friends",1,0.5,0,0,TRUE,"barabasi-albert",NA,NA,1,1024,700
"701","linear",1.5,0.5,0,0,TRUE,"barabasi-albert",NA,NA,1,1024,701
"702","sigmoid",15,5,0,0,TRUE,"barabasi-albert",NA,NA,1,1024,702
"703","exponential",15,5,0,0,TRUE,"barabasi-albert",NA,NA,1,1024,703
"704","rbf-friends",1.5,0.5,0,0,TRUE,"barabasi-albert",NA,NA,1,1024,704
"705","linear",0,1,0,0,TRUE,"barabasi-albert",NA,NA,1,1024,705
"706","sigmoid",0,10,0,0,TRUE,"barabasi-albert",NA,NA,1,1024,706
"707","exponential",0,10,0,0,TRUE,"barabasi-albert",NA,NA,1,1024,707
"708","rbf-friends",0,1,0,0,TRUE,"barabasi-albert",NA,NA,1,1024,708
"709","linear",0.5,1,0,0,TRUE,"barabasi-albert",NA,NA,1,1024,709
"710","sigmoid",5,10,0,0,TRUE,"barabasi-albert",NA,NA,1,1024,710
"711","exponential",5,10,0,0,TRUE,"barabasi-albert",NA,NA,1,1024,711
"712","rbf-friends",0.5,1,0,0,TRUE,"barabasi-albert",NA,NA,1,1024,712
"713","linear",1,1,0,0,TRUE,"barabasi-albert",NA,NA,1,1024,713
"714","sigmoid",10,10,0,0,TRUE,"barabasi-albert",NA,NA,1,1024,714
"715","exponential",10,10,0,0,TRUE,"barabasi-albert",NA,NA,1,1024,715
"716","rbf-friends",1,1,0,0,TRUE,"barabasi-albert",NA,NA,1,1024,716
"717","linear",1.5,1,0,0,TRUE,"barabasi-albert",NA,NA,1,1024,717
"718","sigmoid",15,10,0,0,TRUE,"barabasi-albert",NA,NA,1,1024,718
"719","exponential",15,10,0,0,TRUE,"barabasi-albert",NA,NA,1,1024,719
"720","rbf-friends",1.5,1,0,0,TRUE,"barabasi-albert",NA,NA,1,1024,720
"721","linear",0,1.5,0,0,TRUE,"barabasi-albert",NA,NA,1,1024,721
"722","sigmoid",0,15,0,0,TRUE,"barabasi-albert",NA,NA,1,1024,722
"723","exponential",0,15,0,0,TRUE,"barabasi-albert",NA,NA,1,1024,723
"724","rbf-friends",0,1.5,0,0,TRUE,"barabasi-albert",NA,NA,1,1024,724
"725","linear",0.5,1.5,0,0,TRUE,"barabasi-albert",NA,NA,1,1024,725
"726","sigmoid",5,15,0,0,TRUE,"barabasi-albert",NA,NA,1,1024,726
"727","exponential",5,15,0,0,TRUE,"barabasi-albert",NA,NA,1,1024,727
"728","rbf-friends",0.5,1.5,0,0,TRUE,"barabasi-albert",NA,NA,1,1024,728
"729","linear",1,1.5,0,0,TRUE,"barabasi-albert",NA,NA,1,1024,729
"730","sigmoid",10,15,0,0,TRUE,"barabasi-albert",NA,NA,1,1024,730
"731","exponential",10,15,0,0,TRUE,"barabasi-albert",NA,NA,1,1024,731
"732","rbf-friends",1,1.5,0,0,TRUE,"barabasi-albert",NA,NA,1,1024,732
"733","linear",1.5,1.5,0,0,TRUE,"barabasi-albert",NA,NA,1,1024,733
"734","sigmoid",15,15,0,0,TRUE,"barabasi-albert",NA,NA,1,1024,734
"735","exponential",15,15,0,0,TRUE,"barabasi-albert",NA,NA,1,1024,735
"736","rbf-friends",1.5,1.5,0,0,TRUE,"barabasi-albert",NA,NA,1,1024,736
"737","linear",1,1,0,0,FALSE,"barabasi-albert",NA,NA,1,1024,737
"738","sigmoid",10,10,0,0,FALSE,"barabasi-albert",NA,NA,1,1024,738
"739","exponential",10,10,0,0,FALSE,"barabasi-albert",NA,NA,1,1024,739
"740","rbf-friends",1,1,0,0,FALSE,"barabasi-albert",NA,NA,1,1024,740
"741","linear",1,1,1,0,FALSE,"barabasi-albert",NA,NA,1,1024,741
"742","sigmoid",10,10,1,0,FALSE,"barabasi-albert",NA,NA,1,1024,742
"743","exponential",10,10,1,0,FALSE,"barabasi-albert",NA,NA,1,1024,743
"744","rbf-friends",1,1,1,0,FALSE,"barabasi-albert",NA,NA,1,1024,744
"745","linear",1,1,2,0,FALSE,"barabasi-albert",NA,NA,1,1024,745
"746","sigmoid",10,10,2,0,FALSE,"barabasi-albert",NA,NA,1,1024,746
"747","exponential",10,10,2,0,FALSE,"barabasi-albert",NA,NA,1,1024,747
"748","rbf-friends",1,1,2,0,FALSE,"barabasi-albert",NA,NA,1,1024,748
"749","linear",1,1,3,0,FALSE,"barabasi-albert",NA,NA,1,1024,749
"750","sigmoid",10,10,3,0,FALSE,"barabasi-albert",NA,NA,1,1024,750
"751","exponential",10,10,3,0,FALSE,"barabasi-albert",NA,NA,1,1024,751
"752","rbf-friends",1,1,3,0,FALSE,"barabasi-albert",NA,NA,1,1024,752
"753","linear",1,1,0,10,FALSE,"barabasi-albert",NA,NA,1,1024,753
"754","sigmoid",10,10,0,10,FALSE,"barabasi-albert",NA,NA,1,1024,754
"755","exponential",10,10,0,10,FALSE,"barabasi-albert",NA,NA,1,1024,755
"756","rbf-friends",1,1,0,10,FALSE,"barabasi-albert",NA,NA,1,1024,756
"757","linear",1,1,1,10,FALSE,"barabasi-albert",NA,NA,1,1024,757
"758","sigmoid",10,10,1,10,FALSE,"barabasi-albert",NA,NA,1,1024,758
"759","exponential",10,10,1,10,FALSE,"barabasi-albert",NA,NA,1,1024,759
"760","rbf-friends",1,1,1,10,FALSE,"barabasi-albert",NA,NA,1,1024,760
"761","linear",1,1,2,10,FALSE,"barabasi-albert",NA,NA,1,1024,761
"762","sigmoid",10,10,2,10,FALSE,"barabasi-albert",NA,NA,1,1024,762
"763","exponential",10,10,2,10,FALSE,"barabasi-albert",NA,NA,1,1024,763
"764","rbf-friends",1,1,2,10,FALSE,"barabasi-albert",NA,NA,1,1024,764
"765","linear",1,1,3,10,FALSE,"barabasi-albert",NA,NA,1,1024,765
"766","sigmoid",10,10,3,10,FALSE,"barabasi-albert",NA,NA,1,1024,766
"767","exponential",10,10,3,10,FALSE,"barabasi-albert",NA,NA,1,1024,767
"768","rbf-friends",1,1,3,10,FALSE,"barabasi-albert",NA,NA,1,1024,768
